ratio_threshold,good_matches,match_quality_ratio
0.6,190,0.007690128303719594
0.7,479,0.01938721819727203
0.75,773,0.031286679888290765
0.85,2755,0.11150686040393411
0.95,12023,0.4866232241874772
